,luma,rms_contrast,laplacian_score,wavelet_mad_db1
luma,1.0,-0.7491394867019895,0.13917004310811654,0.1127338607817502
rms_contrast,-0.7491394867019895,1.0,-0.08044247989240678,0.16805753122618053
laplacian_score,0.13917004310811654,-0.08044247989240678,1.0,0.12616713486992634
wavelet_mad_db1,0.1127338607817502,0.16805753122618053,0.12616713486992634,1.0
