,luma,weber_contrast,laplacian_score,wavelet_mad_db1
luma,1.0,-0.768257328117364,0.12618984518288412,0.07048123731349731
weber_contrast,-0.768257328117364,1.0,-0.1098747285094881,0.12307398851911122
laplacian_score,0.12618984518288412,-0.1098747285094881,1.0,0.07904872488408661
wavelet_mad_db1,0.07048123731349731,0.12307398851911122,0.07904872488408661,1.0
