,luma,weber_contrast,laplacian_score,wavelet_mad_db1
luma,1.0,-0.742974980794196,0.2441852413897744,0.05851142273254597
weber_contrast,-0.742974980794196,1.0,-0.08271964443318507,0.14900186178143096
laplacian_score,0.2441852413897744,-0.08271964443318507,1.0,0.26459168150955464
wavelet_mad_db1,0.05851142273254597,0.14900186178143096,0.26459168150955464,1.0
