,luma,weber_contrast,laplacian_score,wavelet_mad_db1
luma,1.0,-0.7390667952336087,0.23499534076878198,0.049562719614115014
weber_contrast,-0.7390667952336087,1.0,-0.11034176781797625,0.1063101525359455
laplacian_score,0.23499534076878198,-0.11034176781797625,1.0,0.23144389235569485
wavelet_mad_db1,0.049562719614115014,0.1063101525359455,0.23144389235569485,1.0
