,luma,weber_contrast,laplacian_score,wavelet_mad_db1
luma,1.0,-0.7795682901187596,0.18391041089320626,0.009266182312021871
weber_contrast,-0.7795682901187596,1.0,-0.08664011256345835,0.17732982873386777
laplacian_score,0.18391041089320626,-0.08664011256345835,1.0,0.21210182089116061
wavelet_mad_db1,0.009266182312021871,0.17732982873386777,0.21210182089116061,1.0
