feature,edges
luma,23.5383 61.4653 71.7143 82.6781 140.772
rms_contrast,0.348903 0.646267 0.749065 0.872671 1.75597
laplacian_score,18611.4 81416 103855 131317 352781
wavelet_mad_db1,1.18606 2.52039 3.03929 3.48406 9.59044
