feature,edges
luma,28.5615 63.4661 76.385 90.3807 147.536
weber_contrast,0.277063 0.591448 0.698048 0.834039 1.63695
laplacian_score,21652.6 82859.8 106224 131170 287264
wavelet_mad_db1,0.963677 2.52039 2.8169 3.26168 8.20052
