feature,edges
luma,28.5615 60.6003 70.9729 81.3185 93.873 147.536
weber_contrast,0.277063 0.570833 0.654065 0.745145 0.86884 1.63695
laplacian_score,21652.6 77185.6 96993.8 115543 137240 287264
wavelet_mad_db1,0.963677 2.37213 2.8169 3.03929 3.26168 8.20052
