feature,edges
luma,23.5383 58.9673 67.8154 75.4357 85.3422 140.772
rms_contrast,0.348903 0.620389 0.708161 0.791693 0.907745 1.75597
laplacian_score,18611.4 76180.2 94674.5 114123 138438 352781
wavelet_mad_db1,1.18606 2.3536 2.8169 3.26168 3.70645 9.59044
