class,AP50-95,AP_S,AP_M,AP_L
pedestrian,0.3994970548301432,0.15966027329345978,0.4147096011227121,0.5535578494499013
bicycledriver,0.14528542862589217,0.00027405305005905305,0.10203162298913594,0.3536675619017756
motorbikedriver,0.0316220902260843,0.0,0.028463791486247794,0.050215041121262786
ignore,0.0,0.0,0.0,0.0
