AP50-95,AP50,AP75,AP_S,AP_M,AP_L,AR_1,AR_10,AR_100,AR_S,AR_M,AR_L
0.14410114342052985,0.27971040665240293,0.12429016412315573,0.03998358158587974,0.136301253899524,0.23936011311823413,0.18396261839788403,0.2381019849192075,0.23818958669185514,0.1189059205190592,0.22746977315329323,0.33207217088574825
