class,AP50-95,AP_S,AP_M,AP_L
pedestrian,0.6970669294008058,0.5615232711090913,0.7287640308101127,0.766259705628996
bicycledriver,0.6822163173745127,0.5980763473121776,0.6962262221050672,0.7701620880007751
motorbikedriver,0.7460245987469091,0.46633663366336636,0.7653867157617539,0.8051155115511559
ignore,0.0,0.0,0.0,0.0
