AP50-95,AP50,AP75,AP_S,AP_M,AP_L,AR_1,AR_10,AR_100,AR_S,AR_M,AR_L
0.5313269613805577,0.7217019275312098,0.6247942961431993,0.4064840630211589,0.547594242169233,0.5853843262952313,0.4403475570333807,0.5690974700539753,0.5695021879078143,0.44287626651276124,0.5828464927493577,0.617336753213082
