feature,bin_index,lo,hi,n_images,AP,AP50,AR1,AR10,AR100,MR2,tag
luma,0,0.0,50.0,3623,0.2176136612443614,0.3586504217916582,0.15714285714285717,0.26832298136645966,0.27003105590062115,0.2508072845798485,luma_00_0-50
luma,1,50.0,70.0,19875,0.10322430113924279,0.19023103712762807,0.17593084372585807,0.2315652245888975,0.2316942114556892,0.20247352590091647,luma_01_50-70
luma,2,70.0,90.0,21588,0.14053516638730304,0.2857397978726536,0.17940077882933908,0.2428537446293621,0.24292774561604197,0.19837078532199548,luma_02_70-90
luma,3,90.0,110.0,6072,0.1891620692801935,0.3674551571843339,0.22535689499099174,0.2653250478572338,0.2653250478572338,0.2519692975952498,luma_03_90-110
luma,4,110.0,256.0,690,0.33504014568928686,0.4923866966607661,0.3725988700564972,0.38926553672316383,0.38926553672316383,0.3876274129679952,luma_04_110-256
