class,AP50-95,AP_S,AP_M,AP_L
pedestrian,0.6940811100999941,0.557575819314248,0.7242127021071115,0.7668090220322499
bicycledriver,0.6733165130332402,0.5638656649508371,0.6980021708764198,0.755902130247548
motorbikedriver,0.7170222374661153,0.3333333333333324,0.7551746645999919,0.745049504950492
ignore,0.0,0.0,0.0,0.0
