AP50-95,AP50,AP75,AP_S,AP_M,AP_L,AR_1,AR_10,AR_100,AR_S,AR_M,AR_L
0.5211049651498376,0.7197153994746557,0.6116111499121062,0.36369370439960474,0.5443473843958806,0.5669401643075727,0.43333779141139994,0.5609642239598788,0.5614730121189907,0.41952563182651675,0.5776903495487687,0.6081530797436943
