class,AP50-95,AP_S,AP_M,AP_L
pedestrian,0.35719553020777584,0.14127378488719222,0.3732281830037244,0.5016470122226727
bicycledriver,0.11996719858523472,0.07289057477176283,0.09502054080158938,0.2443791288633141
motorbikedriver,0.006052001408400902,0.0,0.0009581170318623371,0.008609155295781679
ignore,0.0,0.0,0.0,0.0
