AP50-95,AP50,AP75,AP_S,AP_M,AP_L,AR_1,AR_10,AR_100,AR_S,AR_M,AR_L
0.12080368255035281,0.23789183423522337,0.10432564915678894,0.05354108991473877,0.117301710209294,0.18865882409544193,0.1589766918644678,0.20406312763575238,0.20411300163827234,0.12432110281923717,0.20055556067192218,0.2717559598232892
